seurat_clusters.l1,celltype.l1,seurat_clusters.l2,celltype.l2,seurat_clusters.l3,barcode,is_cell,contig_id,high_confidence,length,chain,v_gene,d_gene,j_gene,c_gene,full_length,productive,fwr1,fwr1_nt,cdr1,cdr1_nt,fwr2,fwr2_nt,cdr2,cdr2_nt,fwr3,fwr3_nt,cdr3,cdr3_nt,fwr4,fwr4_nt,reads,umis,raw_clonotype_id,raw_consensus_id,exact_subclonotype_id,cat,barcode_old,library,cdr3_nt_length,cdr3_length
16,Neutrophil,NA,NA,NA,AAACCTGAGAGTGACC-1_13_101,NA,NA,NA,NA,NA,NA,NA,NA,NA,NA,NA,NA,NA,NA,NA,NA,NA,NA,NA,NA,NA,NA,NA,NA,NA,NA,NA,NA,NA,NA,NA,NA,NA,NA,NA
5,T lymphocyte,3,CD4+ TEM,2,AAACCTGAGATGCCTT-1_13_101,TRUE,AAACCTGAGATGCCTT-1_contig_1,TRUE,485,TRA,TRAV13-3,NA,TRAJ23,TRAC1,TRUE,TRUE,GENVEQSPSTLSVQEGNSCVITCSYS,GGAGAGAATGTGGAGCAGAGTCCTTCCACCCTGAGTGTCCAGGAGGGAAACAGCTGTGTTATCACTTGTAGTTACTCA,DSASNY,GACAGTGCCTCAAACTAC,FPWYKQELGKGPQLIID,TTCCCTTGGTATAAGCAAGAACTTGGAAAAGGTCCCCAGCTCATTATAGAC,IRSSVAK,ATTCGTTCAAGTGTGGCCAAA,KEDQRLTVLLNKTAKHLSLHIAATQPADSAVYF,AAAGAAGACCAAAGACTCACTGTGTTACTGAATAAGACGGCCAAGCATCTGTCCCTGCACATCGCAGCCACCCAGCCTGCAGACTCAGCTGTCTACTTC,CAASDQGGKLIF,TGTGCAGCAAGCGACCAGGGAGGAAAGCTTATCTTC,GQGTELSVKP,GGACAAGGCACTGAGTTATCTGTGAAGCCCA,8498,13,clonotype2611,clonotype2611_consensus_2,1,13_101,AAACCTGAGATGCCTT-1,ab,36,12
5,T lymphocyte,3,CD4+ TEM,2,AAACCTGAGATGCCTT-1_13_101,TRUE,AAACCTGAGATGCCTT-1_contig_2,TRUE,494,TRB,TRBV18,TRBD1,TRBJ1-1,TRBC1,TRUE,TRUE,NAGVTQNPEHLVRGTGQEATLRCSPE,AATGCTGGCGTCACCCAGAACCCAGAACACCTGGTCAGAGGGACAGGACAAGAAGCAACGCTGAGATGCAGCCCAGAG,KEHNY,AAAGAACACAATTAC,VYWYQQLPGEGLKFMVY,GTTTACTGGTATCAGCAGCTCCCGGGAGAAGGTCTGAAATTCATGGTTTAC,LQKENI,CTCCAGAAGGAAAATATC,LDDSGMPTKRFSAEFPKEGPSVLKIRLAELGDSAVYF,CTAGATGACTCCGGAATGCCGACAAAACGCTTTTCTGCTGAATTTCCCAAAGAGGGACCCAGCGTCTTAAAGATCCGGCTGGCAGAGTTGGGAGACTCTGCAGTGTACTTC,CASSPDRGGTELFF,TGTGCCAGCTCCCCGGACAGGGGGGGCACTGAACTTTTCTTT,GAGTRLTVI,GGAGCAGGCACCAGGCTCACAGTTATAG,5502,13,clonotype2611,clonotype2611_consensus_1,1,13_101,AAACCTGAGATGCCTT-1,ab,42,14
3,Neutrophil,NA,NA,NA,AAACCTGAGTCGAGTG-1_13_101,NA,NA,NA,NA,NA,NA,NA,NA,NA,NA,NA,NA,NA,NA,NA,NA,NA,NA,NA,NA,NA,NA,NA,NA,NA,NA,NA,NA,NA,NA,NA,NA,NA,NA,NA
16,Neutrophil,NA,NA,NA,AAACCTGAGTCGTTTG-1_13_101,NA,NA,NA,NA,NA,NA,NA,NA,NA,NA,NA,NA,NA,NA,NA,NA,NA,NA,NA,NA,NA,NA,NA,NA,NA,NA,NA,NA,NA,NA,NA,NA,NA,NA,NA
6,T lymphocyte,1,CD4+ Naive,NA,AAACCTGAGTGTCCCG-1_13_101,TRUE,AAACCTGAGTGTCCCG-1_contig_1,TRUE,504,TRB,TRBV15,NA,TRBJ2-1,TRBC2,TRUE,TRUE,GARVIQSPRYQVTGIGKQVSLSCSQN,GGTGCCAGGGTCATCCAGAGCCCAAGATACCAGGTTACCGGGATCGGAAAACAAGTGTCTCTGAGCTGTTCTCAGAAT,LNHDA,CTGAATCATGATGCC,MYWYQQKPNQAPKLLLY,ATGTACTGGTACCAACAGAAGCCGAACCAAGCCCCAAAGCTGCTGCTCTAC,YYDTNL,TACTATGATACAAACCTT,YTEKDTSNNFKASRDNSSFCSLDILLAGFEDTAVYL,TACACCGAAAAAGACACCTCTAATAACTTCAAAGCCAGCCGGGATAACTCTTCTTTCTGTTCCCTTGACATCCTCTTGGCTGGCTTCGAGGACACAGCAGTGTATCTC,CASSKDLRGGENNEQHF,TGTGCCAGCAGCAAAGATCTCCGGGGGGGCGAAAATAATGAGCAGCACTTT,GPGTRLTVL,GGGCCAGGGACCCGGCTCACTGTCCTAG,11976,15,clonotype3926,clonotype3926_consensus_1,1,13_101,AAACCTGAGTGTCCCG-1,ab,51,17
6,T lymphocyte,1,CD4+ Naive,NA,AAACCTGAGTGTCCCG-1_13_101,TRUE,AAACCTGAGTGTCCCG-1_contig_2,TRUE,484,TRA,TRAV2,NA,TRAJ30,TRAC1,TRUE,TRUE,KDQVFQPPGLASPEGAVVEISCNHS,AAGGACCAAGTGTTTCAGCCTCCTGGCTTGGCTTCTCCAGAGGGCGCTGTGGTGGAAATCTCCTGCAATCACTCT,ISNAYT,ATATCCAATGCTTACACC,FFWYLHIPGHAPRLLVR,TTCTTCTGGTACCTTCACATCCCAGGACACGCTCCGAGACTCCTGGTTCGG,GSRS,GGTTCCAGGTCT,SQQGRYNMTNERFSSLLLIPQVQVEDAATYY,TCTCAGCAGGGACGCTACAACATGACAAATGAGCGATTCTCCTCACTGCTGCTCATCCCCCAGGTGCAGGTGGAAGATGCTGCCACTTACTAT,CALEKNSEKIIF,TGTGCTCTGGAGAAAAATTCTGAAAAAATCATCTTT,GKGTQLHVLL,GGAAAGGGGACTCAACTTCATGTTCTCCTCA,5266,5,clonotype3926,clonotype3926_consensus_2,1,13_101,AAACCTGAGTGTCCCG-1,ab,36,12
0,T lymphocyte,1,CD4+ Naive,NA,AAACCTGCAAGCGAGT-1_13_101,TRUE,AAACCTGCAAGCGAGT-1_contig_1,TRUE,664,TRA,TRAV4,NA,TRAJ36,TRAC1,TRUE,TRUE,LAKTTQPVFIESYEGQEVSIPCNHT,CTCGCTAAGACCACCCAGCCCGTGTTCATCGAGTCCTACGAAGGACAAGAAGTGAGCATACCCTGTAACCACACC,KIATNEY,AAGATCGCTACAAATGAGTAT,IHWYRQFPNQGPQFVIQ,ATCCACTGGTACCGACAGTTCCCCAACCAGGGACCACAATTTGTTATTCAA,GYKTN,GGATATAAGACAAAC,VENEVASLFISADRTSSTLSLPRAALRDTAVYY,GTGGAAAATGAAGTGGCATCCCTGTTCATCTCTGCGGACAGGACGTCCAGCACCCTGAGCCTGCCCCGGGCTGCCCTGAGAGACACTGCTGTGTATTAC,CTVTPADSGTNKLVF,TGCACCGTGACCCCAGCTGATTCTGGAACAAACAAGCTTGTCTTT,GTGTRLTVIP,GGGACTGGAACAAGACTCACCGTTATTCCCT,5470,5,clonotype2366,clonotype2366_consensus_2,1,13_101,AAACCTGCAAGCGAGT-1,ab,45,15
0,T lymphocyte,1,CD4+ Naive,NA,AAACCTGCAAGCGAGT-1_13_101,TRUE,AAACCTGCAAGCGAGT-1_contig_2,TRUE,505,TRB,TRBV20,NA,TRBJ2-6,TRBC2,TRUE,TRUE,GALVSQDPRTAVCKSGTSVMIQCHSV,GGTGCTCTCGTCTCTCAGGATCCAAGGACAGCTGTCTGTAAGAGTGGAACCTCTGTGATGATCCAGTGCCATTCGGTG,GIQATT,GGCATTCAAGCCACAACT,VFWYRQFPEQGLTLMAT,GTGTTTTGGTATCGTCAGTTCCCGGAACAGGGTCTCACGCTGATGGCAACT,SNVDSKA,TCTAATGTGGACTCCAAAGCT,AYEQGFSETEFSISHPNTTFSSLTVRSAKPADSSLYF,GCATATGAACAAGGTTTCTCTGAGACCGAGTTTTCCATTAGCCATCCAAATACAACATTTTCATCTCTGACGGTGAGGAGTGCGAAACCTGCAGACAGCAGCCTCTACTTC,CSASNNRGSTLSYERYF,TGCAGTGCTAGTAATAATCGTGGGAGTACCCTCTCCTACGAGCGCTATTTC,GPGTRLTVL,GGCCCCGGCACCAGGCTCACCGTCTTAG,3376,5,clonotype2366,clonotype2366_consensus_1,1,13_101,AAACCTGCAAGCGAGT-1,ab,51,17
7,Neutrophil,NA,NA,NA,AAACCTGCAATGGAAT-1_13_101,NA,NA,NA,NA,NA,NA,NA,NA,NA,NA,NA,NA,NA,NA,NA,NA,NA,NA,NA,NA,NA,NA,NA,NA,NA,NA,NA,NA,NA,NA,NA,NA,NA,NA,NA
7,Neutrophil,NA,NA,NA,AAACCTGCAGCTGGCT-1_13_101,NA,NA,NA,NA,NA,NA,NA,NA,NA,NA,NA,NA,NA,NA,NA,NA,NA,NA,NA,NA,NA,NA,NA,NA,NA,NA,NA,NA,NA,NA,NA,NA,NA,NA,NA
7,Neutrophil,NA,NA,NA,AAACCTGCAGCTGTTA-1_13_101,NA,NA,NA,NA,NA,NA,NA,NA,NA,NA,NA,NA,NA,NA,NA,NA,NA,NA,NA,NA,NA,NA,NA,NA,NA,NA,NA,NA,NA,NA,NA,NA,NA,NA,NA
8,T lymphocyte,4,CD4+ TEM,7,AAACCTGGTCACACGC-1_13_101,TRUE,AAACCTGGTCACACGC-1_contig_1,TRUE,561,TRA,TRAV43-6,NA,TRAJ12,TRAC1,TRUE,TRUE,NA,NA,EGASSTL,GAGGGAGCCAGCTCTACCCTG,RCNFSSSVNSVQWFRQNP,AGGTGCAATTTTTCCAGCTCGGTGAACAGCGTGCAGTGGTTCCGACAGAACCCC,RGGGLTRLFYIVSGMK,AGGGGCGGCGGCCTCACCCGACTGTTTTACATAGTTTCAGGGATGAAG,QDGRLNCTVNTKDRHSSLHIRASQQEDSATYL,CAGGATGGGAGGTTGAACTGCACGGTGAACACTAAGGACCGGCACAGCAGCCTGCACATCAGGGCCTCCCAGCAGGAAGACTCAGCCACCTATCTG,CAVDEKGLGYTWVF,TGTGCGGTGGACGAAAAGGGCCTAGGTTATACATGGGTCTTT,GSGTRLLVRP,GGGAGTGGGACTCGACTGCTGGTCAGGCCTG,20974,17,clonotype3345,clonotype3345_consensus_2,1,13_101,AAACCTGGTCACACGC-1,ab,42,14
8,T lymphocyte,4,CD4+ TEM,7,AAACCTGGTCACACGC-1_13_101,TRUE,AAACCTGGTCACACGC-1_contig_2,TRUE,575,TRB,TRBV15,TRBD1,TRBJ2-1,TRBC2,TRUE,TRUE,GARVIQSPRYQVTGIGKQVSLSCSQN,GGTGCCAGGGTCATCCAGAGCCCAAGATACCAGGTTACCGGGATCGGAAAACAAGTGTCTCTGAGCTGTTCTCAGAAT,LNHDA,CTGAATCATGATGCC,MYWYQQKPNQAPKLLLY,ATGTACTGGTACCAACAGAAGCCGAACCAAGCCCCAAAGCTGCTGCTCTAC,YYDTNL,TACTATGATACAAACCTT,YTEKDTSNNFKASRDNSSFCSLDILLAGFEDTAVYL,TACACCGAAAAAGACACCTCTAATAACTTCAAAGCCAGCCGGGATAACTCTTCTTTCTGTTCCCTTGACATCCTCTTGGCTGGCTTCGAGGACACAGCAGTGTATCTC,CASSRTGTGGANEQHF,TGTGCCAGCAGCCGCACCGGGACGGGGGGGGCTAATGAGCAGCACTTT,GPGTRLTVL,GGGCCAGGGACCCGGCTCACTGTCCTAG,41522,56,clonotype3345,clonotype3345_consensus_1,1,13_101,AAACCTGGTCACACGC-1,ab,48,16
8,T lymphocyte,4,CD4+ TEM,7,AAACCTGGTCACACGC-1_13_101,TRUE,AAACCTGGTCACACGC-1_contig_3,TRUE,474,TRA,TRAV9-7,NA,TRAJ25,TRAC1,TRUE,FALSE,NA,NA,NA,NA,NA,NA,NA,NA,NA,NA,NA,NA,NA,NA,3458,3,NA,NA,NA,13_101,AAACCTGGTCACACGC-1,ab,NA,NA
1,T lymphocyte,2,CD8+ Naive,NA,AAACCTGTCAATCTCT-1_13_101,TRUE,AAACCTGTCAATCTCT-1_contig_1,TRUE,532,TRB,TRBV4-1,NA,TRBJ2-2,TRBC2,TRUE,TRUE,DTAVTQTPKHLVTATGSNGTLKCEQR,GACACTGCAGTTACCCAGACACCAAAACACCTGGTCACAGCGACAGGGAGTAATGGGACCCTGAAGTGCGAACAACGT,LGHNA,CTGGGACATAACGCT,MYWYKQSAQRPPKLMFA,ATGTACTGGTACAAACAGAGTGCTCAGAGGCCACCGAAGCTCATGTTTGCC,YSYKEL,TACAGCTATAAGGAACTC,AENDSVPSRFTPECSDSSLLHLHVAALQPEDSALYL,GCCGAAAATGACAGTGTCCCCAGTCGCTTCACACCCGAGTGCTCAGACAGCTCCCTCCTGCACCTTCACGTGGCCGCCCTACAGCCAGAGGACTCCGCCCTGTATCTC,CASSEELGDPTGQLYF,TGTGCGAGCAGCGAGGAGCTGGGGGACCCCACCGGGCAGCTGTATTTT,GAGSKLIVL,GGGGCTGGTTCCAAGCTGATCGTGCTGG,7210,9,clonotype3153,clonotype3153_consensus_1,1,13_101,AAACCTGTCAATCTCT-1,ab,48,16
1,T lymphocyte,2,CD8+ Naive,NA,AAACCTGTCAATCTCT-1_13_101,TRUE,AAACCTGTCAATCTCT-1_contig_2,TRUE,578,TRA,TRAV4,NA,TRAJ32,TRAC1,TRUE,TRUE,LAKTTQPVFIESYEGQEVSIPCNHT,CTCGCTAAGACCACCCAGCCCGTGTTCATCGAGTCCTACGAAGGACAAGAAGTGAGCATACCCTGTAACCACACC,KIATNEY,AAGATCGCTACAAATGAGTAT,IHWYRQFPNQGPQFVIQ,ATCCACTGGTACCGACAGTTCCCCAACCAGGGACCACAATTTGTTATTCAA,GYKTN,GGATATAAGACAAAC,VENEVASLFISADRTSSTLSLPRAALRDTAVYY,GTGGAAAATGAAGTGGCATCCCTGTTCATCTCTGCGGACAGGACGTCCAGCACCCTGAGCCTGCCCCGGGCTGCCCTGAGAGACACTGCTGTGTATTAC,CTVAGYGGAGNKLIF,TGCACCGTGGCGGGATATGGGGGTGCTGGAAACAAGCTCATCTTT,GTGTALSVKP,GGGACCGGAACTGCACTTTCTGTGAAGCCAA,6600,8,clonotype3153,clonotype3153_consensus_2,1,13_101,AAACCTGTCAATCTCT-1,ab,45,15
6,T lymphocyte,0,CD4+ Naive,NA,AAACCTGTCCGAGCCA-1_13_101,TRUE,AAACCTGTCCGAGCCA-1_contig_1,TRUE,556,TRB,TRBV21,NA,TRBJ2-1,TRBC2,TRUE,TRUE,DTQVTQSPRYLVRGKKQSAKMNCIPV,GACACCCAGGTCACCCAGAGTCCTAGATACCTGGTCAGAGGGAAGAAACAGTCAGCAAAGATGAATTGTATCCCTGTA,KGHSY,AAAGGACACAGTTAT,VYWYRRKLEEFKFLVYL,GTTTATTGGTATCGACGAAAGTTGGAAGAGTTCAAGTTTTTGGTTTACTTA,QNEDILDK,CAGAATGAAGATATTCTTGATAAG,IEKFEDQFSAQCPKNSPCSLKIESTEPGDSALYF,ATAGAGAAGTTTGAAGATCAGTTTTCGGCTCAATGCCCCAAAAACTCACCCTGCAGCCTGAAAATCGAGTCCACTGAGCCAGGGGATTCAGCCCTGTATTTC,CASSQAAHTGEQHF,TGTGCGAGCAGCCAGGCCGCTCATACTGGGGAGCAGCACTTT,GPGTRLTVL,GGGCCAGGGACCCGGCTCACTGTCCTAG,11814,14,clonotype1537,clonotype1537_consensus_1,1,13_101,AAACCTGTCCGAGCCA-1,ab,42,14
2,T lymphocyte,0,CD4+ Naive,NA,AAACCTGTCGACCAGC-1_13_101,TRUE,AAACCTGTCGACCAGC-1_contig_1,TRUE,489,TRB,TRBV3,NA,TRBJ2-1,TRBC2,TRUE,TRUE,DTAVSQTPKYLIAQMGTEKLLQCEQK,GACACAGCAGTTTCCCAGACTCCCAAATACCTCATCGCACAGATGGGAACTGAGAAGCTCCTACAATGTGAACAAAAG,LSHDA,CTGAGCCATGATGCT,MYWYKQDSKKLLKIMFA,ATGTACTGGTATAAGCAGGATTCCAAGAAATTGCTGAAGATCATGTTTGCC,YNNKEL,TACAATAATAAGGAACTC,VHNETVPSRFSPKSPDKARLNLRVSALETGDSAVYL,GTTCACAATGAAACAGTTCCAAGTCGTTTCTCACCTAAATCTCCTGACAAAGCTCGTTTAAACCTTCGTGTCAGCGCCCTGGAGACAGGTGACTCTGCCGTGTATCTC,CASSQDRSYNEQHF,TGTGCCAGCAGCCAAGACAGGAGCTATAATGAGCAGCACTTT,GPGTRLTVL,GGGCCAGGGACCCGGCTCACTGTCCTAG,4126,6,clonotype1513,clonotype1513_consensus_1,1,13_101,AAACCTGTCGACCAGC-1,ab,42,14
2,T lymphocyte,0,CD4+ Naive,NA,AAACCTGTCGACCAGC-1_13_101,TRUE,AAACCTGTCGACCAGC-1_contig_3,TRUE,553,TRA,TRAV5,NA,TRAJ40,TRAC1,TRUE,FALSE,NA,NA,NA,NA,NA,NA,NA,NA,NA,NA,NA,NA,NA,NA,108,1,NA,NA,NA,13_101,AAACCTGTCGACCAGC-1,ab,NA,NA
2,T lymphocyte,0,CD4+ Naive,NA,AAACGGGAGAAGGGTA-1_13_101,TRUE,AAACGGGAGAAGGGTA-1_contig_1,TRUE,638,TRA,TRAV8-4,NA,TRAJ16,TRAC1,TRUE,TRUE,AQSVTQPDVHVTVSEGAPLELRCNYS,GCCCAGTCAGTGACGCAGCCTGATGTCCATGTCACTGTCTCTGAAGGAGCCCCTCTGGAGCTGAGGTGCAACTATTCC,SSGIPY,TCAAGTGGAATTCCTTAT,LFWYMQHPNQGLQFLLK,CTCTTCTGGTACATGCAGCACCCCAACCAAGGACTCCAGTTTCTACTGAAG,YFSGDTLV,TACTTTTCAGGGGACACCCTGGTT,KGIKGFEAEFKKHETTFHLRKSRAVGSDAAKYF,AAAGGCATCAAAGGTTTTGAGGCTGAATTTAAGAAGCATGAAACCACCTTCCACCTGAGGAAATCCCGAGCCGTTGGCAGCGATGCGGCCAAGTACTTC,CAVRDPSNTQKLVF,TGTGCTGTGCGTGATCCCTCAAATACCCAGAAGCTGGTGTTC,GKGTVVKVDL,GGGAAGGGGACCGTGGTAAAGGTGGATCTTA,3084,5,clonotype4885,clonotype4885_consensus_2,1,13_101,AAACGGGAGAAGGGTA-1,ab,42,14
2,T lymphocyte,0,CD4+ Naive,NA,AAACGGGAGAAGGGTA-1_13_101,TRUE,AAACGGGAGAAGGGTA-1_contig_2,TRUE,608,TRB,TRBV1,NA,TRBJ2-1,TRBC2,TRUE,TRUE,ASLVEQRPRWVLVPRGQAKTLQCILR,GCAAGCTTGGTGGAGCAAAGGCCCAGGTGGGTCCTGGTACCTCGTGGACAAGCTAAAACCCTGCAGTGCATCCTGAGG,DSQYPW,GATTCCCAGTACCCCTGG,MSWYQQDLQGQLQLLAT,ATGAGCTGGTACCAACAGGATCTCCAGGGACAACTACAGCTGCTGGCCACC,LRNTGD,CTGCGGAATACCGGGGAT,KEVVSHPGADYQVTRVDNTELGLHVANVTQGRTLYCT,AAGGAGGTCGTATCCCATCCTGGAGCAGATTACCAGGTGACACGGGTCGATAACACGGAGCTGGGGCTGCACGTGGCCAACGTGACCCAGGGCAGAACCCTGTACTGCACC,CSKDPDRADMNNEQHF,TGCAGCAAAGATCCGGACAGGGCCGATATGAATAATGAGCAGCACTTT,GPGTRLTVL,GGGCCAGGGACCCGGCTCACTGTCCTAG,9198,12,clonotype4885,clonotype4885_consensus_1,1,13_101,AAACGGGAGAAGGGTA-1,ab,48,16
7,Neutrophil,NA,NA,NA,AAACGGGAGACAGAGA-1_13_101,NA,NA,NA,NA,NA,NA,NA,NA,NA,NA,NA,NA,NA,NA,NA,NA,NA,NA,NA,NA,NA,NA,NA,NA,NA,NA,NA,NA,NA,NA,NA,NA,NA,NA,NA
1,T lymphocyte,1,CD4+ Naive,NA,AAACGGGAGAGCCTAG-1_13_101,TRUE,AAACGGGAGAGCCTAG-1_contig_1,TRUE,576,TRA,TRAV5,NA,TRAJ7,TRAC1,TRUE,TRUE,GEEVKQHPSFLSVWEGDSFVINCTYT,GGAGAAGAGGTAAAGCAGCATCCTTCTTTCCTGAGTGTCTGGGAGGGAGACAGCTTTGTTATCAACTGCACTTACACT,DSASTY,GACAGTGCCTCCACCTAC,FFWYKQQPGKGLQLLIY,TTCTTTTGGTATAAACAACAGCCTGGAAAAGGCCTCCAGTTGCTTATATAT,TVSSMDK,ACTGTTTCAAGTATGGACAAG,KQEQRLTVLLNKKDKHLSLQVTRTHPGDSATYF,AAACAAGAACAAAGGCTCACTGTCCTATTGAATAAGAAGGACAAACATCTCTCCCTGCAAGTCACACGCACTCATCCTGGAGACTCAGCCACCTACTTC,CAVRAPGYGNNRLTF,TGTGCAGTAAGAGCTCCGGGCTATGGGAACAACAGACTCACTTTT,GKGTQVMVTP,GGGAAGGGGACCCAGGTGATGGTCACACCAG,2430,2,clonotype3741,clonotype3741_consensus_1,1,13_101,AAACGGGAGAGCCTAG-1,ab,45,15
1,T lymphocyte,1,CD4+ Naive,NA,AAACGGGAGAGCCTAG-1_13_101,TRUE,AAACGGGAGAGCCTAG-1_contig_2,TRUE,355,TRB,TRBV12-1,NA,TRBJ2-4,TRBC2,FALSE,FALSE,NA,NA,NA,NA,NA,NA,NA,NA,NA,NA,CASNQQGALNPLYF,TGTGCCAGCAACCAACAGGGGGCGTTAAATCCTCTGTACTTC,NA,NA,1114,1,NA,NA,NA,13_101,AAACGGGAGAGCCTAG-1,ab,42,14
3,Neutrophil,NA,NA,NA,AAACGGGAGCTGATAA-1_13_101,NA,NA,NA,NA,NA,NA,NA,NA,NA,NA,NA,NA,NA,NA,NA,NA,NA,NA,NA,NA,NA,NA,NA,NA,NA,NA,NA,NA,NA,NA,NA,NA,NA,NA,NA
9,T lymphocyte,1,CD4+ Naive,NA,AAACGGGAGGAATTAC-1_13_101,TRUE,AAACGGGAGGAATTAC-1_contig_1,TRUE,519,TRA,TRAV29,NA,TRAJ53,TRAC1,TRUE,TRUE,QQQVKQTPSLSVQEREISILNCDYN,CAGCAGCAAGTTAAGCAAACTCCATCCCTGAGTGTGCAAGAACGAGAGATTTCTATTCTGAACTGTGACTACAAT,NNMFDY,AATAATATGTTTGATTAC,FIWYKKYPAKSLEFVIS,TTCATATGGTACAAAAAATACCCTGCCAAAAGTCTTGAGTTTGTGATATCA,IRSTVDK,ATACGTTCCACTGTGGATAAA,NEDERFTVYLNKSAKHLSLHIAASQPGDSALYF,AATGAAGATGAAAGATTCACAGTCTACCTCAACAAAAGTGCCAAACACCTGTCTCTGCACATCGCAGCCTCACAGCCTGGAGATTCAGCCTTGTACTTC,CTANEGSNYKFIF,TGCACAGCGAATGAAGGTAGCAACTACAAATTCATATTT,GKGTLLTVNP,GGAAAAGGAACTCTCTTAACTGTGAATCCAA,1950,2,clonotype194,clonotype194_consensus_2,1,13_101,AAACGGGAGGAATTAC-1,ab,39,13
9,T lymphocyte,1,CD4+ Naive,NA,AAACGGGAGGAATTAC-1_13_101,TRUE,AAACGGGAGGAATTAC-1_contig_2,TRUE,487,TRB,TRBV20,NA,TRBJ2-1,TRBC2,TRUE,TRUE,GALVSQDPRTAVCKSGTYVMIQCHSV,GGTGCTCTCGTCTCTCAGGATCCAAGGACAGCTGTCTGTAAGAGTGGAACCTATGTGATGATCCAGTGCCATTCGGTG,GIQAIT,GGCATTCAAGCCATAACT,VFWYRQFPEQGLTLMAT,GTGTTTTGGTATCGTCAGTTCCCGGAACAGGGTCTCACGCTGATGGCAACT,SNVDSKA,TCTAATGTGGACTCCAAAGCT,AYEQGFSETEFSISHPNTTFSSLTVRSAKPADSSLYF,GCATATGAACAAGGTTTCTCTGAGACCGAGTTTTCCATTAGCCATCCAAATACAACATTTTCATCTCTGACGGTGAGGAGTGCGAAACCTGCAGACAGCAGCCTCTACTTC,CSASDSREQHF,TGCAGTGCTAGTGATTCGAGGGAGCAGCACTTT,GPGTRLTVL,GGGCCAGGGACCCGGCTCACTGTCCTAG,4310,8,clonotype194,clonotype194_consensus_1,1,13_101,AAACGGGAGGAATTAC-1,ab,33,11
9,T lymphocyte,1,CD4+ Naive,NA,AAACGGGAGGAATTAC-1_13_101,TRUE,AAACGGGAGGAATTAC-1_contig_3,TRUE,486,TRA,TRAV13-3,NA,TRAJ43,TRAC1,TRUE,FALSE,NA,NA,NA,NA,NA,NA,NA,NA,NA,NA,NA,NA,NA,NA,532,2,NA,NA,NA,13_101,AAACGGGAGGAATTAC-1,ab,NA,NA
7,Neutrophil,NA,NA,NA,AAACGGGAGGCGATAC-1_13_101,NA,NA,NA,NA,NA,NA,NA,NA,NA,NA,NA,NA,NA,NA,NA,NA,NA,NA,NA,NA,NA,NA,NA,NA,NA,NA,NA,NA,NA,NA,NA,NA,NA,NA,NA
6,T lymphocyte,3,CD4+ TEM,3,AAACGGGAGGTACTCT-1_13_101,TRUE,AAACGGGAGGTACTCT-1_contig_1,TRUE,449,TRB,TRBV20,TRBD2,TRBJ2-1,TRBC2,TRUE,TRUE,GALVSQDPRTAVCKSGTSVMIQCHSV,GGTGCTCTCGTCTCTCAGGATCCAAGGACAGCTGTCTGTAAGAGTGGAACCTCTGTGATGATCCAGTGCCATTCGGTG,GIQATT,GGCATTCAAGCCACAACT,VFWYRQFPEQGLTLMAT,GTGTTTTGGTATCGTCAGTTCCCGGAACAGGGTCTCACGCTGATGGCAACT,SNVDSKA,TCTAATGTGGACTCCAAAGCT,AYEQGFSETEFSISHPNTTFSSLTVRSAKPADSSLYF,GCATATGAACAAGGTTTCTCTGAGACCGAGTTTTCCATTAGCCATCCAAATACAACATTTTCATCTCTGACGGTGAGGAGTGCGAAACCTGCAGACAGCAGCCTCTACTTC,CSASLSGGSKNEQHF,TGCAGTGCTAGTCTAAGCGGTGGGAGTAAGAATGAGCAGCACTTT,GPGTRLTVL,GGGCCAGGGACCCGGCTCACTGTCCTAG,14686,26,clonotype1150,clonotype1150_consensus_1,1,13_101,AAACGGGAGGTACTCT-1,ab,45,15
6,T lymphocyte,3,CD4+ TEM,3,AAACGGGAGGTACTCT-1_13_101,TRUE,AAACGGGAGGTACTCT-1_contig_2,TRUE,522,TRA,TRAV9-6,NA,TRAJ53,TRAC1,TRUE,TRUE,GDSVTQMEGPVTLSKGESLTINCTYS,GGAGACTCAGTGACCCAGATGGAAGGCCCAGTGACCCTCTCCAAAGGGGAGTCCCTGACTATAAACTGTACTTATTCA,ATGYPT,GCGACAGGGTACCCCACT,LFWYVQYPGEGPQLLLK,CTTTTCTGGTATGTCCAGTATCCTGGAGAAGGTCCACAGCTCCTCCTGAAA,NA,NA,KALRDKEKGSHKGFEATYDGKSKTFHLVKSLVQASDSAVYY,AAAGCCTTGAGGGACAAGGAGAAGGGAAGTCACAAAGGTTTTGAAGCCACCTACGATGGAAAATCCAAAACCTTCCACTTGGTGAAATCATTAGTGCAAGCGTCAGATTCAGCTGTGTACTAC,CAADEGSNYKFIF,TGTGCTGCGGATGAAGGTAGCAACTACAAATTCATATTT,GKGTLLTVNP,GGAAAAGGAACTCTCTTAACTGTGAATCCAA,3730,5,clonotype1150,clonotype1150_consensus_2,1,13_101,AAACGGGAGGTACTCT-1,ab,39,13
0,T lymphocyte,1,CD4+ Naive,NA,AAACGGGAGTCTCGGC-1_13_101,TRUE,AAACGGGAGTCTCGGC-1_contig_1,TRUE,610,TRB,TRBV1,NA,TRBJ2-3,TRBC2,TRUE,TRUE,ASLVEQRPRWVLVPRGQAKTLQCILR,GCAAGCTTGGTGGAGCAAAGGCCCAGGTGGGTCCTGGTACCTCGTGGACAAGCTAAAACCCTGCAGTGCATCCTGAGG,DSQYPW,GATTCCCAGTACCCCTGG,MSWYQQDLQGQLQLLAT,ATGAGCTGGTACCAACAGGATCTCCAGGGACAACTACAGCTGCTGGCCACC,LRNTGD,CTGCGGAATACCGGGGAT,KEVVSHPGADYQVTRVDNTELGLHVANVTQGRTLYCT,AAGGAGGTCGTATCCCATCCTGGAGCAGATTACCAGGTGACACGGGTCGATAACACGGAGCTGGGGCTGCACGTGGCCAACGTGACCCAGGGCAGAACCCTGTACTGCACC,CSKSGGETQYF,TGCAGCAAATCGGGAGGCGAAACTCAGTATTTC,GTGTRLTVL,GGCACAGGTACCCGGCTGACCGTGCTAG,5640,10,clonotype2578,clonotype2578_consensus_1,1,13_101,AAACGGGAGTCTCGGC-1,ab,33,11
0,T lymphocyte,1,CD4+ Naive,NA,AAACGGGAGTCTCGGC-1_13_101,TRUE,AAACGGGAGTCTCGGC-1_contig_2,TRUE,499,TRA,TRAV2,NA,TRAJ9,TRAC1,TRUE,TRUE,KDQVFQPPGLASPEGAVVEISCNHS,AAGGACCAAGTGTTTCAGCCTCCTGGCTTGGCTTCTCCAGAGGGCGCTGTGGTGGAAATCTCCTGCAATCACTCT,ISNAYT,ATATCCAATGCTTACACC,FFWYLHIPGHAPRLLVR,TTCTTCTGGTACCTTCACATCCCAGGACACGCTCCGAGACTCCTGGTTCGG,GSRS,GGTTCCAGGTCT,SQQGRYSMTNERFSSLLLIPQVQVEDAATYY,TCTCAGCAGGGACGCTACAGCATGACAAATGAGCGATTCTCCTCACTGCTGCTCATCCCCCAGGTGCAGGTGGAAGATGCTGCCACTTACTAT,CALVFTIGSKVVF,TGTGCTCTGGTCTTCACTATAGGCTCCAAAGTTGTCTTT,GPGTRLFVKT,GGGCCAGGAACAAGACTATTTGTCAAAACAA,10340,9,clonotype2578,clonotype2578_consensus_2,1,13_101,AAACGGGAGTCTCGGC-1,ab,39,13
0,T lymphocyte,1,CD4+ Naive,NA,AAACGGGAGTCTCGGC-1_13_101,TRUE,AAACGGGAGTCTCGGC-1_contig_3,TRUE,483,TRB,TRBV4-2,TRBD1,TRBJ1-2,TRBC1,TRUE,FALSE,NA,NA,NA,NA,NA,NA,NA,NA,NA,NA,NA,NA,NA,NA,1752,4,NA,NA,NA,13_101,AAACGGGAGTCTCGGC-1,ab,NA,NA
8,T lymphocyte,4,CD4+ TEM,1,AAACGGGAGTGATCGG-1_13_101,TRUE,AAACGGGAGTGATCGG-1_contig_1,TRUE,570,TRA,TRAV36,NA,TRAJ45,TRAC1,TRUE,TRUE,EDKVIQSPPSLVVQEEDSATLNCSYQ,GAAGACAAGGTGATACAGAGCCCCCCATCTCTGGTTGTCCAGGAGGAAGACAGTGCAACTCTCAACTGCAGTTACCAA,VTNFQS,GTGACCAACTTTCAAAGC,LLWFQQQENAPTFLFR,CTACTTTGGTTTCAGCAGCAAGAGAACGCTCCTACCTTTCTGTTTAGA,QISNGI,CAAATTTCAAATGGGATT,QKSGRLKGTLDKKALLGTLHITATQLGDSATYL,CAGAAGTCAGGAAGGTTAAAAGGGACATTAGATAAGAAAGCACTTCTCGGCACCCTGCACATCACAGCCACCCAGCTCGGAGACTCAGCTACCTACTTG,CAVEDTVGGSTNRLTF,TGTGCAGTGGAGGACACTGTAGGAGGAAGTACTAACAGACTCACCTTT,GKGTELIIQP,GGGAAGGGGACCGAGCTCATCATCCAGCCCT,11720,9,clonotype4582,clonotype4582_consensus_2,1,13_101,AAACGGGAGTGATCGG-1,ab,48,16
8,T lymphocyte,4,CD4+ TEM,1,AAACGGGAGTGATCGG-1_13_101,TRUE,AAACGGGAGTGATCGG-1_contig_2,TRUE,513,TRB,TRBV5-4,NA,TRBJ1-3,TRBC1,TRUE,TRUE,LCLLGTGPAGAGVTQSPRHLVKGSGG,CTCTGTCTCCTGGGGACAGGTCCAGCGGGTGCTGGAGTCACCCAGTCCCCCAGACACTTGGTCAAAGGCAGCGGGGGG,KAVLK,AAGGCCGTCCTGAAA,CRPMSGHRSVSWYQQAP,TGCCGTCCTATGTCTGGACACAGAAGTGTGAGCTGGTACCAGCAGGCCCCG,GQGPQF,GGGCAGGGCCCCCAGTTC,LIELFGQETREKGNLPSHFSVEQFSDDSSQLNMSSLELGDSASYL,CTCATTGAGCTCTTTGGCCAGGAGACGAGAGAGAAAGGAAACCTCCCCAGTCACTTCTCCGTTGAACAGTTCAGTGACGACAGCTCCCAGCTGAACATGAGCTCCCTGGAGCTGGGAGACTCAGCCTCGTATCTG,CASSLYGGVVGGETLYF,TGTGCCAGCAGCTTATACGGGGGGGTAGTTGGTGGCGAGACCCTCTATTTT,GEGSRLTVV,GGGGAAGGGAGCCGGCTCACTGTTGTAG,13522,20,clonotype4582,clonotype4582_consensus_1,1,13_101,AAACGGGAGTGATCGG-1,ab,51,17
0,T lymphocyte,1,CD4+ Naive,NA,AAACGGGAGTGTCCCG-1_13_101,TRUE,AAACGGGAGTGTCCCG-1_contig_1,TRUE,570,TRB,TRBV15,NA,TRBJ2-3,TRBC2,TRUE,TRUE,GARVIQSPRYQVTGIGKQVSLSCSQN,GGTGCCAGGGTCATCCAGAGCCCAAGATACCAGGTTACCGGGATCGGAAAACAAGTGTCTCTGAGCTGTTCTCAGAAT,LNHDA,CTGAATCATGATGCC,MYWYQQKPNQAPKLLLY,ATGTACTGGTACCAACAGAAGCCGAACCAAGCCCCAAAGCTGCTGCTCTAC,YYDTNL,TACTATGATACAAACCTT,YTEKDTSNNFKASRDNSSFCSLDILLAGFEDTAVYL,TACACCGAAAAAGACACCTCTAATAACTTCAAAGCCAGCCGGGATAACTCTTCTTTCTGTTCCCTTGACATCCTTTTGGCTGGCTTCGAGGACACAGCAGTGTATCTC,CASSKNGQVSETQYF,TGTGCCAGCAGCAAAAACGGCCAGGTCTCAGAAACTCAGTATTTC,GTGTRLTVL,GGCACAGGTACCCGGCTGACCGTGCTAG,13186,18,clonotype2278,clonotype2278_consensus_1,1,13_101,AAACGGGAGTGTCCCG-1,ab,45,15
0,T lymphocyte,1,CD4+ Naive,NA,AAACGGGAGTGTCCCG-1_13_101,TRUE,AAACGGGAGTGTCCCG-1_contig_2,TRUE,505,TRA,TRAV43-6,NA,TRAJ52,TRAC1,TRUE,FALSE,NA,NA,NA,NA,NA,NA,NA,NA,NA,NA,CAVEPTGSSGYGKLTF,TGTGCGGTGGAACCTACTGGTAGCTCTGGCTACGGAAAGCTGACATTT,NA,NA,1156,1,NA,NA,NA,13_101,AAACGGGAGTGTCCCG-1,ab,48,16
16,Neutrophil,NA,NA,NA,AAACGGGAGTTAGGTA-1_13_101,NA,NA,NA,NA,NA,NA,NA,NA,NA,NA,NA,NA,NA,NA,NA,NA,NA,NA,NA,NA,NA,NA,NA,NA,NA,NA,NA,NA,NA,NA,NA,NA,NA,NA,NA
6,T lymphocyte,3,CD4+ TEM,2,AAACGGGCAAACAACA-1_13_101,TRUE,AAACGGGCAAACAACA-1_contig_1,TRUE,519,TRB,TRBV3,NA,TRBJ2-1,TRBC2,TRUE,TRUE,DTAVSQTPKYLIAQMGTEKLLQCEQK,GACACAGCAGTTTCCCAGACTCCCAAATACCTCATCGCACAGATGGGAACTGAGAAGCTCCTACAATGTGAACAAAAG,LSHDA,CTGAGCCATGATGCT,MYWYKQDSKKLLKIMFA,ATGTACTGGTATAAGCAGGATTCCAAGAAATTGCTGAAGATCATGTTTGCC,YNNKEL,TACAATAATAAGGAACTC,VHNETVPSRFSPKSPDKARLNLRVSALETGDSAVYL,GTTCACAATGAAACAGTTCCAAGTCGTTTCTCACCTAAATCTCCTGACAAAGCTCGTTTAAACCTTCGTGTCAGCGCCCTGGAGACAGGTGACTCTGCCGTGTATCTC,CASSQILEANEQHF,TGTGCCAGCAGCCAAATTTTAGAAGCAAATGAGCAGCACTTT,GPGTRLTVL,GGGCCAGGGACCCGGCTCACTGTCCTAG,17590,24,clonotype2012,clonotype2012_consensus_1,1,13_101,AAACGGGCAAACAACA-1,ab,42,14
6,T lymphocyte,3,CD4+ TEM,2,AAACGGGCAAACAACA-1_13_101,TRUE,AAACGGGCAAACAACA-1_contig_2,TRUE,514,TRA,TRAV9-7,NA,TRAJ27,TRAC1,TRUE,TRUE,GDSVTQMEGPVTIPERKSLTINCTYS,GGAGACTCAGTGACCCAGATGGAAGGCCCAGTGACCATTCCTGAAAGGAAGTCCTTGACTATAAACTGTACTTATTCA,TTWTPT,ACAACATGGACCCCCACT,LFWYVQYPRESPQLLLK,CTATTCTGGTATGTCCAATATCCCAGAGAAAGTCCACAGCTCCTTCTGAAA,ALRDKET,GCCTTGAGGGACAAGGAGACG,GSHKGFEATYDSKSKSFHLEKSSVQASDSAVYY,GGAAGTCACAAAGGTTTTGAAGCCACCTACGATAGCAAATCCAAATCCTTCCACTTGGAGAAGTCCTCAGTGCAAGCGTCAGATTCGGCTGTGTACTAC,CAARRPNTNAGKLTF,TGTGCTGCGAGGCGACCTAACACCAACGCAGGCAAATTAACCTTT,GDGTTLTVKP,GGGGACGGGACCACGCTCACTGTGAAGCCAA,5562,4,clonotype2012,clonotype2012_consensus_2,1,13_101,AAACGGGCAAACAACA-1,ab,45,15
6,T lymphocyte,3,CD4+ TEM,2,AAACGGGCAAACAACA-1_13_101,TRUE,AAACGGGCAAACAACA-1_contig_3,TRUE,499,TRA,TRAV43-3,NA,TRAJ22,TRAC1,TRUE,FALSE,NA,NA,NA,NA,NA,NA,NA,NA,NA,NA,CAVQALRF,TGTGCGGTGCAGGCGTTAAGGTTC,NA,NA,2426,2,NA,NA,NA,13_101,AAACGGGCAAACAACA-1,ab,24,8
6,T lymphocyte,3,CD4+ TEM,2,AAACGGGCATCCAACA-1_13_101,TRUE,AAACGGGCATCCAACA-1_contig_1,TRUE,678,TRA,TRAV3,NA,TRAJ13,TRAC1,TRUE,TRUE,AQSVSQPDQVTVAEGDPVTVKCNYS,GCTCAGTCAGTGTCTCAGCCAGATCAGGTCACTGTTGCCGAAGGGGATCCAGTGACTGTGAAATGCAACTATTCG,VSGNPY,GTTTCTGGAAACCCGTAT,LFWYVQHRNQGLRFLLK,CTCTTTTGGTACGTCCAACATCGCAACCAAGGTCTCCGGTTCCTTCTGAAA,YITGANLV,TACATCACAGGGGCCAACCTGGTC,KGNYGFEAEFNKSQTSFHLKKPSILGSDSAVYF,AAAGGCAACTACGGTTTTGAGGCTGAATTTAATAAGAGCCAAACCTCTTTCCACCTGAAGAAACCATCCATCCTTGGGAGTGACTCTGCTGTGTATTTC,CAVTDETGGNQKATF,TGTGCGGTGACAGATGAGACTGGGGGTAACCAAAAGGCTACCTTT,GTGTKLEVTP,GGAACTGGAACAAAGCTCGAAGTCACCCCAG,2764,3,clonotype3497,clonotype3497_consensus_3,1,13_101,AAACGGGCATCCAACA-1,ab,45,15
6,T lymphocyte,3,CD4+ TEM,2,AAACGGGCATCCAACA-1_13_101,TRUE,AAACGGGCATCCAACA-1_contig_2,TRUE,482,TRB,TRBV5-4,NA,TRBJ1-2,TRBC1,TRUE,TRUE,LCLLGTGPAGAGVTQSPRHLVKGSGG,CTCTGTCTCCTGGGGACAGGTCCAGCGGGTGCTGGAGTCACCCAGTCCCCCAGACACCTGGTCAAAGGCAGCGGGGGG,KAVLK,AAGGCCGTCCTGAAA,CRPMSGHRSVSWYQQAP,TGCCGTCCTATGTCTGGACACAGAAGTGTGAGCTGGTACCAGCAGGCCCCG,GQGPQF,GGGCAGGGCCCCCAGTTC,LIELFGQETREKGNLPSHFSVEQFSDDSSQLNMSSLELGDSASYL,CTCATTGAGCTCTTTGGCCAGGAGACGAGAGAGAAAGGAAACCTCCCCAGTCACTTCTCCGTTGAACAGTTCAGTGACGACAGCTCCCAGCTGAACATGAGCTCCCTGGAGCTGGGAGACTCAGCCTCGTATCTG,CASSHVGGIGYDYTF,TGTGCCAGCAGCCACGTGGGGGGTATAGGATATGATTATACCTTC,GPGTKLTVV,GGCCCAGGGACCAAGCTGACAGTCGTCG,13122,15,clonotype3497,clonotype3497_consensus_1,1,13_101,AAACGGGCATCCAACA-1,ab,45,15
6,T lymphocyte,3,CD4+ TEM,2,AAACGGGCATCCAACA-1_13_101,TRUE,AAACGGGCATCCAACA-1_contig_3,TRUE,665,TRA,TRAV8-2,NA,TRAJ27,TRAC1,TRUE,TRUE,AQSVTQLDGHVTVSEKAHLELRCNYS,GCCCAGTCAGTGACCCAGCTTGATGGCCATGTCACTGTCTCCGAAAAAGCCCATCTGGAGCTGAGGTGCAACTACTCC,YGATPN,TATGGGGCAACTCCTAAT,LFWYVQYPNQGLQLLLK,CTCTTCTGGTACGTGCAGTACCCCAACCAAGGACTCCAGCTTCTCCTCAAG,YFSGPPNVLV,TACTTTTCAGGGCCACCAAATGTCCTGGTT,QGIKGFQAEFRKNETSFHLRKHSAHWSDSAKYF,CAAGGCATCAAAGGTTTTCAGGCTGAATTTAGGAAGAATGAAACCTCCTTCCACCTGAGGAAACACTCGGCCCACTGGAGCGACTCGGCCAAGTACTTT,CAASDANAGKLTF,TGTGCTGCAAGTGATGCGAACGCAGGCAAATTAACCTTT,GDGTTLTVKP,GGGGACGGGACCACGCTCACTGTGAAGCCAA,4022,4,clonotype3497,clonotype3497_consensus_2,1,13_101,AAACGGGCATCCAACA-1,ab,39,13
6,T lymphocyte,3,CD4+ TEM,3,AAACGGGCATCTGGTA-1_13_101,TRUE,AAACGGGCATCTGGTA-1_contig_1,TRUE,585,TRA,TRAV38-2,NA,TRAJ26,TRAC1,TRUE,TRUE,AQKVTQTQPEMSVHEAETVTLDCTFD,GCCCAGAAGGTCACCCAGACTCAACCAGAAATGTCTGTGCATGAGGCAGAGACTGTGACCCTGGACTGCACGTTTGAC,TSDSNYY,ACTAGTGACAGTAATTATTAT,LFWYKQPPSREMLLII,TTGTTCTGGTACAAACAGCCTCCCAGCAGGGAGATGCTTCTCATTATT,RQEANKQEN,CGCCAAGAAGCTAATAAGCAAGAGAAT,ATNNRFSVNFQKADKSFSLRISAAQLEDAAMYL,GCAACAAATAATCGCTTCTCTGTGAACTTCCAGAAGGCAGACAAATCCTTCAGTCTCAGGATCTCAGCCGCCCAGCTGGAGGATGCTGCGATGTATTTG,CALMEANYGQGLIF,TGTGCTCTCATGGAGGCTAACTATGGCCAGGGTTTGATCTTC,GQGTSLSVLP,GGTCAGGGAACCAGCTTGTCTGTGCTGCCCT,8552,10,clonotype383,clonotype383_consensus_3,1,13_101,AAACGGGCATCTGGTA-1,ab,42,14
6,T lymphocyte,3,CD4+ TEM,3,AAACGGGCATCTGGTA-1_13_101,TRUE,AAACGGGCATCTGGTA-1_contig_2,TRUE,558,TRB,TRBV21,NA,TRBJ2-1,TRBC2,TRUE,TRUE,DTQVTQSPRYLVRGKKQSAKMNCIPV,GACACCCAGGTCACCCAGAGTCCTAGATACCTGGTCAGAGGGAAGAAACAGTCAGCAAAGATGAATTGTATCCCTGTA,KGHSY,AAAGGACACAGTTAT,VYWYRQKLEEFKFLVYL,GTTTATTGGTATCGACAAAAGTTGGAAGAGTTCAAGTTTTTGGTTTACTTA,QNEDILDK,CAGAATGAAGATATTCTTGATAAG,IEKFEDQFSAQCPKNSPCSLKIESTEPGDSALYF,ATAGAGAAGTTTGAAGATCAGTTTTCAGCTCAATGCCCCAAAAACTCACCCTGCAGCCTGAAAATCGAGTCCACTGAGCCAGGGGATTCAGCCCTGTATTTC,CASSKSGGGRVSAQHF,TGTGCGAGCAGCAAATCGGGTGGGGGGCGGGTCTCAGCGCAGCACTTT,GPGTRLTVL,GGGCCAGGGACCCGGCTCACTGTCCTAG,17792,27,clonotype383,clonotype383_consensus_2,1,13_101,AAACGGGCATCTGGTA-1,ab,48,16
6,T lymphocyte,3,CD4+ TEM,3,AAACGGGCATCTGGTA-1_13_101,TRUE,AAACGGGCATCTGGTA-1_contig_3,TRUE,493,TRB,TRBV5-2,NA,TRBJ2-1,TRBC2,TRUE,TRUE,DSGLTQTPRHLVKARGQQVTLSCFPI,GATTCCGGACTCACCCAGACTCCAAGACACCTGGTCAAGGCAAGAGGACAGCAAGTGACGCTGAGTTGTTTCCCTATC,SGHLS,TCTGGACACCTGTCT,LYWYQQAVGQGPQLLIQ,TTGTACTGGTACCAACAGGCCGTGGGCCAGGGCCCCCAGTTACTCATTCAG,YYNREE,TATTACAACAGGGAAGAG,RGKGNFPERFSAQQFPDSHSELNMTSLELTDSALYL,AGAGGCAAAGGAAACTTCCCGGAACGATTCTCGGCTCAACAGTTCCCTGACTCTCACTCTGAGCTAAACATGACCTCCTTGGAGCTCACGGATTCGGCCCTCTATCTC,CASSAAGEQHF,TGTGCCAGCAGCGCTGCTGGGGAGCAGCACTTT,GPGTRLTVL,GGGCCAGGGACCCGGCTCACTGTCCTAG,8268,9,clonotype383,clonotype383_consensus_1,1,13_101,AAACGGGCATCTGGTA-1,ab,33,11
6,T lymphocyte,3,CD4+ TEM,3,AAACGGGCATCTGGTA-1_13_101,TRUE,AAACGGGCATCTGGTA-1_contig_4,TRUE,548,TRA,TRAV4,NA,TRAJ7,TRAC1,TRUE,TRUE,LAKTTQPVFIESYEGQEVSIPCNHT,CTCGCTAAGACCACCCAGCCCGTGTTCATCGAGTCCTACGAAGGACAAGAAGTGAGCATACCCTGTAACCACACC,KIATNEY,AAGATCGCTACAAATGAGTAT,IHWYRQFPNQGPQFVIQ,ATCCACTGGTACCGACAGTTCCCCAACCAGGGACCACAATTTGTTATTCAA,GYKTN,GGATATAAGACAAAC,VENEVASLFISADRTSSTLSLPRAALRDTAVYY,GTGGAAAATGAAGTGGCATCCCTGTTCATCTCTGCGGACAGGACGTCCAGCACCCTGAGCCTGCCCCGGGCTGCCCTGAGAGACACTGCTGTGTATTAC,CTVSDSLGGNNRLTF,TGCACCGTGAGTGACTCCCTGGGCGGGAACAACAGACTCACTTTT,GKGTPVMVTP,GGGAAGGGGACCCCGGTGATGGTCACACCAG,4340,4,clonotype383,clonotype383_consensus_4,1,13_101,AAACGGGCATCTGGTA-1,ab,45,15
6,T lymphocyte,3,CD4+ TEM,3,AAACGGGCATCTGGTA-1_13_101,TRUE,AAACGGGCATCTGGTA-1_contig_5,TRUE,671,TRA,TRAV8-6,NA,TRAJ56,TRAC1,TRUE,FALSE,NA,NA,NA,NA,NA,NA,NA,NA,NA,NA,NA,NA,NA,NA,768,1,NA,NA,NA,13_101,AAACGGGCATCTGGTA-1,ab,NA,NA
6,T lymphocyte,3,CD4+ TEM,3,AAACGGGCATCTGGTA-1_13_101,FALSE,AAACGGGCATCTGGTA-1_contig_1,FALSE,538,TRG,TRGV2-2,NA,TRGJ2-2,TRGC2,TRUE,FALSE,NA,NA,NA,NA,NA,NA,NA,NA,NA,NA,CAAWERVGYGWAHKVF,TGTGCTGCCTGGGAACGGGTTGGGTATGGCTGGGCCCACAAAGTGTTC,NA,NA,678,2,NA,NA,NA,13_101,AAACGGGCATCTGGTA-1,gd,48,16
8,T lymphocyte,4,CD4+ TEM,1,AAACGGGGTCGCGAAA-1_13_101,TRUE,AAACGGGGTCGCGAAA-1_contig_1,TRUE,462,TRB,TRBV30,NA,TRBJ1-2,TRBC1,TRUE,TRUE,AQTIHQWPPVRVQLVGSPLSLECIVK,GCTCAGACCATCCACCAATGGCCACCTGTCAGGGTGCAGCTTGTGGGCAGCCCGCTCTCCCTGGAGTGCATCGTGAAG,GESNPY,GGGGAATCAAACCCTTAT,LYWYLQAEGGPPQLLFY,CTATATTGGTACCTGCAGGCCGAGGGAGGGCCCCCCCAGCTGCTCTTCTAC,SLNIH,TCCCTAAATATTCAC,QVDPEAPRNFTASRPQDGQFILSSQKLLLSDSGFYL,CAGGTAGACCCTGAGGCACCACGGAACTTCACAGCCTCCAGGCCCCAGGACGGCCAGTTCATCTTGAGTTCTCAGAAGCTCCTCCTCAGTGACTCTGGCTTCTACCTC,CAWSTAGVADYTF,TGCGCCTGGTCGACTGCAGGGGTTGCTGATTATACCTTC,GPGTKLTVV,GGCCCAGGGACCAAGCTGACAGTCGTCG,4002,8,clonotype410,clonotype410_consensus_2,1,13_101,AAACGGGGTCGCGAAA-1,ab,39,13
8,T lymphocyte,4,CD4+ TEM,1,AAACGGGGTCGCGAAA-1_13_101,TRUE,AAACGGGGTCGCGAAA-1_contig_2,TRUE,501,TRB,TRBV18,NA,TRBJ2-1,TRBC2,TRUE,TRUE,NAGVTQNPEHLVRGTGQEATLRCSPE,AATGCTGGCGTCACCCAGAACCCAGAACACCTGGTCAGAGGGACAGGACAAGAAGCAACGCTGAGATGCAGCCCAGAG,KEHNY,AAAGAACACAATTAC,VYWYQQLPGEGLKFMVY,GTTTACTGGTATCAGCAGCTCCCGGGAGAAGGTCTGAAATTCATGGTTTAC,LQKENI,CTCCAGAAGGAAAATATC,LDDSGMPTKRFSAEFPKEGPSVLKIRLAELGDSAVYF,CTAGATGACTCCGGAATGCCGACAAAACGCTTTTCTGCTGAATTTCCCAAAGAGGGACCCAGCGTCTTAAAGATCCGGCTGGCAGAGTTGGGAGACTCTGCAGTGTACTTC,CASSLVSSRKNEQHF,TGTGCCAGCTCCCTCGTCAGTTCGAGAAAGAATGAGCAGCACTTT,GPGTRLTVL,GGGCCAGGGACCCGGCTCACTGTCCTAG,14840,21,clonotype410,clonotype410_consensus_1,1,13_101,AAACGGGGTCGCGAAA-1,ab,45,15
8,T lymphocyte,4,CD4+ TEM,1,AAACGGGGTCGCGAAA-1_13_101,TRUE,AAACGGGGTCGCGAAA-1_contig_3,TRUE,673,TRA,TRAV8-6,NA,TRAJ11,TRAC1,TRUE,TRUE,AQSLTQPDGHITVSEGARLELSCNYS,GCCCAGTCACTGACCCAACCTGACGGCCACATCACTGTCTCTGAAGGAGCCCGTCTGGAGCTGAGTTGCAACTATTCC,SSGTTY,TCCAGTGGAACTACTTAT,LFWYVQHPNQGLQLLLK,CTCTTCTGGTATGTGCAGCACCCCAACCAAGGACTCCAGCTTCTCCTCAAG,YLSGPSDALV,TACTTGTCAGGGCCATCAGATGCCCTGGTT,QGIKGFEAEFKKSEKAFHLRKHSAHWSDSAKYF,CAAGGCATCAAAGGTTTCGAGGCTGAATTTAAGAAGAGTGAAAAGGCCTTCCACCTGAGGAAACACTCAGCCCATTGGAGCGACTCGGCCAAGTACTTC,CAVTSMSGYNKLIF,TGTGCTGTGACTTCAATGTCAGGATACAACAAACTCATCTTT,GKGTMLLVSP,GGTAAAGGGACCATGCTTCTAGTCTCTCCAG,3316,4,clonotype410,clonotype410_consensus_4,1,13_101,AAACGGGGTCGCGAAA-1,ab,42,14
8,T lymphocyte,4,CD4+ TEM,1,AAACGGGGTCGCGAAA-1_13_101,TRUE,AAACGGGGTCGCGAAA-1_contig_4,TRUE,501,TRA,TRAV9-4,NA,TRAJ47,TRAC1,TRUE,TRUE,GDSVTQMEGPVTLSEGEYLTINCTYS,GGAGACTCAGTGACCCAGATGGAAGGCCCAGTGACCCTCTCCGAAGGGGAGTACCTGACTATAAACTGTACTTATTCA,TTGTPT,ACAACAGGGACCCCCACT,LFWYVQYPGEGPQLLLK,CTTTTCTGGTATGTCCAGTATCCCGGAGAAGGTCCACAGCTCCTCCTGAAA,AFRDTEK,GCCTTTAGGGACACGGAGAAG,GSHKGFEATYNRKSKTFHLEKSSVQVSDLAVYY,GGAAGTCACAAAGGTTTTGAAGCCACCTACAACAGGAAATCCAAAACCTTCCACTTGGAGAAATCCTCAGTGCAAGTGTCAGATTTGGCTGTGTACTAC,CALINFYGNPIF,TGTGCCCTGATAAATTTTTATGGCAACCCAATCTTT,GSGTILRVKP,GGCTCCGGAACCATTTTGAGAGTCAAGCCTT,1832,2,clonotype410,clonotype410_consensus_3,1,13_101,AAACGGGGTCGCGAAA-1,ab,36,12
6,T lymphocyte,0,CD4+ Naive,NA,AAACGGGGTTCAGGCC-1_13_101,TRUE,AAACGGGGTTCAGGCC-1_contig_1,TRUE,488,TRB,TRBV4-2,TRBD2,TRBJ2-1,TRBC2,TRUE,TRUE,DTAVTQTPKHLVAATGSKRTLKCEQR,GACACTGCAGTTACCCAGACACCAAAACACCTGGTCGCAGCGACAGGGAGTAAGAGGACCCTGAAGTGCGAACAACGT,LGHNA,CTGGGACATAACGCT,MYWYKQSAQRPPKLMFA,ATGTACTGGTACAAACAGAGTGCTCAGAGGCCACCGAAGCTCATGTTTGCC,YSYKEL,TACAGCTATAAGGAACTC,AENDSVPSRFTPECSDSSHLHLHVAALQPEDSALYL,GCCGAAAATGACAGTGTCCCCAGTCGCTTCACACCCGAGTGCTCAGACAGCTCCCACCTGCACCTTCACGTGGCCGCCCTACAGCCAGAGGACTCCGCCCTGTATCTC,CASSSNGVGVEDEQHF,TGTGCGAGCAGCTCGAACGGGGTGGGAGTAGAGGATGAGCAGCACTTT,GPGTRLTVL,GGGCCAGGGACCCGGCTCACTGTCCTAG,14630,18,clonotype3342,clonotype3342_consensus_1,1,13_101,AAACGGGGTTCAGGCC-1,ab,48,16
6,T lymphocyte,0,CD4+ Naive,NA,AAACGGGGTTCAGGCC-1_13_101,TRUE,AAACGGGGTTCAGGCC-1_contig_2,TRUE,498,TRA,TRAV43-6,NA,TRAJ33,TRAC1,TRUE,TRUE,NA,NA,EGASSTL,GAGGGAGCCAGCTCTACCCTG,RCNFSSSVNSVQWFRQNP,AGGTGCAATTTTTCCAGCTCGGTGAACAGCGTGCAGTGGTTCCGACAGAACCCC,RGGGLTRLFYIVSGMK,AGGGGCGGCGGCCTCACCCGACTGTTTTACATAGTTTCAGGGATGAAG,QDGRLNCTVNTKDRHSSLHIRASQQEDSATYL,CAGGATGGGAGGTTGAACTGCACGGTGAACACTAAGGACCGGCACAGCAGCCTGCACATCAGGGCCTCCCAGCAGGAAGACTCAGCCACCTATCTG,CAVEAVGSNYRLIW,TGTGCGGTGGAGGCAGTCGGGAGCAACTATCGGTTGATCTGG,GSGTKLIIKP,GGCTCTGGGACCAAGCTAATTATAAAGCCAG,1048,1,clonotype3342,clonotype3342_consensus_2,1,13_101,AAACGGGGTTCAGGCC-1,ab,42,14
12,T lymphocyte,5,gdT,NA,AAACGGGTCACATACG-1_13_101,FALSE,AAACGGGTCACATACG-1_contig_1,FALSE,696,TRD,TRDV5-1,NA,TRDJ2,TRDC1,TRUE,FALSE,NA,NA,NA,NA,NA,NA,NA,NA,NA,NA,CAVGEARFGGLRLLDAPLIF,TGTGCTGTTGGAGAAGCTCGATTCGGAGGGCTTAGGCTCCTTGATGCACCACTTATCTTT,NA,NA,31322,30,NA,NA,NA,13_101,AAACGGGTCACATACG-1,gd,60,20
